timestamp,open,high,low,volume,tic,close
2021-01-02,28923.63,29600.0,28624.57,54182.925011,BTCUSDT,29331.69
2021-01-03,29331.7,33300.0,28946.53,129993.873362,BTCUSDT,32178.33
2021-01-04,32176.45,34778.11,31962.99,120957.56675,BTCUSDT,33000.05
2021-01-05,33000.05,33600.0,28130.0,140899.88569,BTCUSDT,31988.71
2021-01-06,31989.75,34360.0,29900.0,116049.997038,BTCUSDT,33949.53
2021-01-07,33949.53,36939.21,33288.0,127139.20131,BTCUSDT,36769.36
2021-01-08,36769.36,40365.0,36300.0,132825.700437,BTCUSDT,39432.28
2021-01-09,39432.48,41950.0,36500.0,139789.957499,BTCUSDT,40582.81
2021-01-10,40586.96,41380.0,38720.0,75785.979675,BTCUSDT,40088.22
2021-01-11,40088.22,41350.0,35111.11,118209.544503,BTCUSDT,38150.02
2021-01-12,38150.02,38264.74,30420.0,251156.138287,BTCUSDT,35404.47
2021-01-13,35410.37,36628.0,32531.0,133948.151996,BTCUSDT,34051.24
2021-01-14,34049.15,37850.0,32380.0,124477.914938,BTCUSDT,37371.38
2021-01-15,37371.38,40100.0,36701.23,102950.389421,BTCUSDT,39144.5
2021-01-16,39145.21,39747.76,34408.0,118300.920916,BTCUSDT,36742.22
2021-01-17,36737.43,37950.0,35357.8,86348.431508,BTCUSDT,35994.98
2021-01-18,35994.98,36852.5,33850.0,80157.727384,BTCUSDT,35828.61
2021-01-19,35824.99,37469.83,34800.0,70698.11875,BTCUSDT,36631.27
2021-01-20,36622.46,37850.0,35844.06,79611.307769,BTCUSDT,35891.49
2021-01-21,35901.94,36415.31,33400.0,89368.422918,BTCUSDT,35468.23
2021-01-22,35468.23,35600.0,30071.0,135004.076658,BTCUSDT,30850.13
2021-01-23,30851.99,33826.53,28850.0,142971.684049,BTCUSDT,32945.17
2021-01-24,32950.0,33456.0,31390.16,64595.287675,BTCUSDT,32078.0
2021-01-25,32078.0,33071.0,30900.0,57978.037966,BTCUSDT,32259.9
2021-01-26,32259.45,34875.0,31910.0,88499.226921,BTCUSDT,32254.2
2021-01-27,32254.19,32921.88,30837.37,84972.20691,BTCUSDT,32467.77
2021-01-28,32464.01,32557.29,29241.72,95911.961711,BTCUSDT,30366.15
2021-01-29,30362.19,33783.98,29842.1,92621.145617,BTCUSDT,33364.86
2021-01-30,33368.18,38531.9,31915.4,231827.005626,BTCUSDT,34252.2
2021-01-31,34246.28,34933.0,32825.0,84889.68134,BTCUSDT,34262.88
2021-02-01,34262.89,34342.69,32171.67,68742.280384,BTCUSDT,33092.98
2021-02-02,33092.97,34717.27,32296.16,82718.276882,BTCUSDT,33526.37
2021-02-03,33517.09,35984.33,33418.0,78056.65988,BTCUSDT,35466.24
2021-02-04,35472.71,37662.63,35362.38,80784.333663,BTCUSDT,37618.87
2021-02-05,37620.26,38708.27,36161.95,92080.735898,BTCUSDT,36936.66
2021-02-06,36936.65,38310.12,36570.0,66681.334275,BTCUSDT,38290.24
2021-02-07,38289.32,40955.51,38215.94,98757.311183,BTCUSDT,39186.94
2021-02-08,39181.01,39700.0,37351.0,84363.679763,BTCUSDT,38795.69
2021-02-09,38795.69,46794.45,37988.89,138597.536914,BTCUSDT,46374.87
2021-02-10,46374.86,48142.19,44961.09,115499.861712,BTCUSDT,46420.42
2021-02-11,46420.42,47310.0,43727.0,97154.1822,BTCUSDT,44807.58
2021-02-12,44807.58,48678.9,43994.02,89561.081454,BTCUSDT,47969.51
2021-02-13,47968.66,48985.8,46125.0,85870.035697,BTCUSDT,47287.6
2021-02-14,47298.15,48150.0,46202.53,63768.097399,BTCUSDT,47153.69
2021-02-15,47156.78,49707.43,47014.17,73735.475533,BTCUSDT,48577.79
2021-02-16,48580.47,49010.92,45570.79,79398.156784,BTCUSDT,47911.1
2021-02-17,47911.1,50689.18,47003.62,88813.266298,BTCUSDT,49133.45
2021-02-18,49133.45,52618.74,48947.0,85743.637818,BTCUSDT,52119.71
2021-02-19,52117.67,52530.0,50901.9,60758.046954,BTCUSDT,51552.6
2021-02-20,51552.61,56368.0,50710.2,79659.77802,BTCUSDT,55906.0
2021-02-21,55906.0,57700.46,53863.93,80948.205314,BTCUSDT,55841.19
2021-02-22,55841.19,58352.8,55477.59,58166.708511,BTCUSDT,57408.57
2021-02-23,57412.35,57508.47,47622.0,134019.434944,BTCUSDT,54087.67
2021-02-24,54087.67,54183.59,44892.56,169375.025051,BTCUSDT,48891.0
2021-02-25,48891.0,51374.99,46988.69,91881.209252,BTCUSDT,49676.2
2021-02-26,49676.21,52041.73,46674.34,83310.673121,BTCUSDT,47073.73
2021-02-27,47073.73,48424.11,44106.78,109423.200663,BTCUSDT,46276.87
2021-02-28,46276.88,48394.0,45000.0,66060.834292,BTCUSDT,46106.43
2021-03-01,46103.67,46638.46,43000.0,83055.369042,BTCUSDT,45135.66
2021-03-02,45134.11,49790.0,44950.53,85086.111648,BTCUSDT,49587.03
2021-03-03,49595.76,50200.0,47047.6,64221.06214,BTCUSDT,48440.65
2021-03-04,48436.61,52640.0,48100.71,81035.913705,BTCUSDT,50349.37
2021-03-05,50349.37,51773.88,47500.0,82649.716829,BTCUSDT,48374.09
2021-03-06,48374.09,49448.93,46300.0,78192.496372,BTCUSDT,48751.71
2021-03-07,48746.81,49200.0,47070.0,44399.234242,BTCUSDT,48882.2
2021-03-08,48882.2,51450.03,48882.2,55235.028032,BTCUSDT,50971.75
2021-03-09,50959.11,52402.78,49274.67,66987.359664,BTCUSDT,52375.17
2021-03-10,52375.18,54895.0,51789.41,71656.737076,BTCUSDT,54884.5
2021-03-11,54874.67,57387.69,53005.0,84749.238943,BTCUSDT,55851.59
2021-03-12,55851.59,58150.0,54272.82,81914.812859,BTCUSDT,57773.16
2021-03-13,57773.15,58081.51,54962.84,73405.406047,BTCUSDT,57221.72
2021-03-14,57221.72,61844.0,56078.23,83245.091346,BTCUSDT,61188.39
2021-03-15,61188.38,61724.79,58966.78,52601.05275,BTCUSDT,58968.31
2021-03-16,58976.08,60633.43,54600.0,102771.427298,BTCUSDT,55605.2
2021-03-17,55605.2,56938.29,53271.34,77986.694355,BTCUSDT,56900.75
2021-03-18,56900.74,58974.73,54123.69,70421.620841,BTCUSDT,58912.97
2021-03-19,58912.97,60129.97,57023.0,66580.406675,BTCUSDT,57648.16
2021-03-20,57641.0,59468.0,56270.74,52392.652961,BTCUSDT,58030.01
2021-03-21,58030.01,59880.0,57820.17,44476.941776,BTCUSDT,58102.28
2021-03-22,58100.02,58589.1,55450.11,48564.470274,BTCUSDT,57351.56
2021-03-23,57351.56,58430.73,53650.0,62581.626169,BTCUSDT,54083.25
2021-03-24,54083.25,55830.9,53000.0,59789.365427,BTCUSDT,54340.89
2021-03-25,54342.8,57200.0,51700.0,83537.465021,BTCUSDT,52303.65
2021-03-26,52303.66,53287.0,50427.56,87400.534538,BTCUSDT,51293.78
2021-03-27,51293.78,55073.46,51214.6,63813.774692,BTCUSDT,55025.59
2021-03-28,55025.59,56700.36,53950.0,50105.475055,BTCUSDT,55817.14
2021-03-29,55817.14,56559.75,54691.84,39050.387511,BTCUSDT,55777.63
2021-03-30,55777.65,58405.82,54800.01,67857.937398,BTCUSDT,57635.47
2021-03-31,57635.46,59368.0,57071.35,55122.443122,BTCUSDT,58746.57
2021-04-01,58746.57,59800.0,56769.0,60975.542666,BTCUSDT,58740.55
2021-04-02,58739.46,59490.0,57935.45,47415.61722,BTCUSDT,58720.44
2021-04-03,58720.45,60200.0,58428.57,47382.418781,BTCUSDT,58950.01
2021-04-04,58950.01,59791.72,56880.0,47409.852113,BTCUSDT,57051.94
2021-04-05,57051.95,58492.85,56388.0,41314.081973,BTCUSDT,58202.01
2021-04-06,58202.01,59272.0,56777.77,54258.01579,BTCUSDT,59129.99
2021-04-07,59129.99,59495.24,57413.02,54201.000727,BTCUSDT,57991.15
2021-04-08,57990.03,58655.0,55473.0,71228.405659,BTCUSDT,55953.45
2021-04-09,55953.44,58153.31,55700.0,44283.147019,BTCUSDT,58077.52
2021-04-10,58077.52,58894.9,57654.0,40831.884911,BTCUSDT,58142.54
2021-04-11,58142.55,61500.0,57900.01,69906.424117,BTCUSDT,59769.13
2021-04-12,59769.13,60699.0,59232.52,41156.715391,BTCUSDT,60002.43
2021-04-13,59998.8,61300.0,59350.59,56375.037117,BTCUSDT,59860.0
2021-04-14,59860.01,63777.77,59805.15,82848.688746,BTCUSDT,63575.0
2021-04-15,63575.01,64854.0,61301.0,82616.343993,BTCUSDT,62959.53
2021-04-16,62959.53,63800.0,62020.0,51649.70034,BTCUSDT,63159.98
2021-04-17,63158.74,63520.61,60000.0,91764.139884,BTCUSDT,61334.8
2021-04-18,61334.81,62506.05,59580.91,58912.256128,BTCUSDT,60006.66
2021-04-19,60006.67,60499.0,50931.3,124882.131824,BTCUSDT,56150.01
2021-04-20,56150.01,57526.81,54221.58,78229.042267,BTCUSDT,55633.14
2021-04-21,55633.14,57076.24,53329.96,72744.482151,BTCUSDT,56425.0
2021-04-22,56425.0,56757.91,53536.02,66984.756909,BTCUSDT,53787.63
2021-04-23,53787.62,55521.48,50500.0,104656.631337,BTCUSDT,51690.96
2021-04-24,51690.95,52131.85,47500.0,132230.780719,BTCUSDT,51125.14
2021-04-25,51110.56,51166.22,48657.14,55361.512573,BTCUSDT,50047.84
2021-04-26,50047.84,50567.91,46930.0,58255.645004,BTCUSDT,49066.77
2021-04-27,49066.76,54356.62,48753.44,86310.802124,BTCUSDT,54001.39
2021-04-28,54001.38,55460.0,53222.0,54064.034675,BTCUSDT,55011.97
2021-04-29,55011.97,56428.0,53813.16,55130.459015,BTCUSDT,54846.22
2021-04-30,54846.23,55195.84,52330.94,52486.019455,BTCUSDT,53555.0
2021-05-01,53555.0,57963.0,53013.01,68578.910045,BTCUSDT,57694.27
2021-05-02,57697.25,58458.07,56956.14,42600.351836,BTCUSDT,57800.37
2021-05-03,57797.35,57911.02,56035.25,36812.878863,BTCUSDT,56578.21
2021-05-04,56578.21,58981.44,56435.0,57649.931286,BTCUSDT,57169.39
2021-05-05,57169.39,57200.0,53046.69,85324.625903,BTCUSDT,53200.01
2021-05-06,53205.05,58069.82,52900.0,77263.923439,BTCUSDT,57436.11
2021-05-07,57436.11,58360.0,55200.0,70181.671908,BTCUSDT,56393.68
2021-05-08,56393.68,58650.0,55241.63,74542.747829,BTCUSDT,57314.75
2021-05-09,57315.49,59500.0,56900.0,69709.906028,BTCUSDT,58862.05
2021-05-10,58866.53,59300.0,56235.66,69806.11991,BTCUSDT,58240.84
2021-05-11,58240.83,59500.0,53400.0,89586.34925,BTCUSDT,55816.14
2021-05-12,55816.14,56862.43,54370.0,64329.54055,BTCUSDT,56670.02
2021-05-13,56670.02,58000.01,48600.0,99842.789836,BTCUSDT,49631.32
2021-05-14,49537.15,51367.19,46000.0,147332.002121,BTCUSDT,49670.97
2021-05-15,49671.92,51483.0,48799.75,80082.204306,BTCUSDT,49841.45
2021-05-16,49844.16,50700.0,46555.0,89437.449359,BTCUSDT,46762.99
2021-05-17,46762.99,49795.89,43825.39,114269.812775,BTCUSDT,46431.5
2021-05-18,46426.83,46686.0,42001.0,166657.172736,BTCUSDT,43538.04
2021-05-19,43538.02,45799.29,42250.02,116979.860784,BTCUSDT,42849.78
2021-05-20,42849.78,43584.9,30000.0,354347.243161,BTCUSDT,36690.09
2021-05-21,36671.23,42451.67,34850.0,203017.596923,BTCUSDT,40526.64
2021-05-22,40525.39,42200.0,33488.0,202100.888258,BTCUSDT,37252.01
2021-05-23,37263.35,38829.0,35200.62,126542.243689,BTCUSDT,37449.73
2021-05-24,37458.51,38270.64,31111.01,217136.046593,BTCUSDT,34655.25
2021-05-25,34681.44,39920.0,34031.0,161630.893971,BTCUSDT,38796.29
2021-05-26,38810.99,39791.77,36419.62,111996.228404,BTCUSDT,38324.72
2021-05-27,38324.72,40841.0,37800.44,104780.773396,BTCUSDT,39241.91
2021-05-28,39241.92,40411.14,37134.27,86547.158794,BTCUSDT,38529.98
2021-05-29,38529.99,38877.83,34684.0,135377.62972,BTCUSDT,35663.49
2021-05-30,35661.79,37338.58,33632.76,112663.092689,BTCUSDT,34605.15
2021-05-31,34605.15,36488.0,33379.0,73535.386967,BTCUSDT,35641.27
2021-06-01,35641.26,37499.0,34153.84,94160.735289,BTCUSDT,37253.81
2021-06-02,37253.82,37894.81,35666.0,81234.66377,BTCUSDT,36693.09
2021-06-03,36694.85,38225.0,35920.0,67587.372495,BTCUSDT,37568.68
2021-06-04,37568.68,39476.0,37170.0,75889.106011,BTCUSDT,39246.79
2021-06-05,39246.78,39289.07,35555.15,91317.799245,BTCUSDT,36829.0
2021-06-06,36829.15,37925.0,34800.0,70459.62149,BTCUSDT,35513.2
2021-06-07,35516.07,36480.0,35222.0,47650.206637,BTCUSDT,35796.31
2021-06-08,35796.31,36900.0,33300.0,77574.952573,BTCUSDT,33552.79
2021-06-09,33556.96,34068.01,31000.0,123251.189037,BTCUSDT,33380.81
2021-06-10,33380.8,37534.79,32396.82,136607.597517,BTCUSDT,37388.05
2021-06-11,37388.05,38491.0,35782.0,109527.284943,BTCUSDT,36675.72
2021-06-12,36677.83,37680.4,35936.77,78466.0053,BTCUSDT,37331.98
2021-06-13,37331.98,37463.63,34600.36,87717.54999,BTCUSDT,35546.11
2021-06-14,35546.12,39380.0,34757.0,86921.025555,BTCUSDT,39020.57
2021-06-15,39020.56,41064.05,38730.0,108522.391949,BTCUSDT,40516.29
2021-06-16,40516.28,41330.0,39506.4,80679.622838,BTCUSDT,40144.04
2021-06-17,40143.8,40527.14,38116.01,87771.976937,BTCUSDT,38349.01
2021-06-18,38349.0,39559.88,37365.0,79541.307119,BTCUSDT,38092.97
2021-06-19,38092.97,38202.84,35129.29,95228.042935,BTCUSDT,35819.84
2021-06-20,35820.48,36457.0,34803.52,68712.449461,BTCUSDT,35483.72
2021-06-21,35483.72,36137.72,33336.0,89878.17085,BTCUSDT,35600.16
2021-06-22,35600.17,35750.0,31251.23,168778.873159,BTCUSDT,31608.93
2021-06-23,31614.12,33298.78,28805.0,204208.179762,BTCUSDT,32509.56
2021-06-24,32509.56,34881.0,31683.0,126966.100563,BTCUSDT,33678.07
2021-06-25,33675.07,35298.0,32286.57,86625.80426,BTCUSDT,34663.09
2021-06-26,34663.08,35500.0,31275.0,116061.130356,BTCUSDT,31584.45
2021-06-27,31576.09,32730.0,30151.0,107820.375287,BTCUSDT,32283.65
2021-06-28,32283.65,34749.0,31973.45,96613.244211,BTCUSDT,34700.34
2021-06-29,34702.49,35297.71,33862.72,82222.267819,BTCUSDT,34494.89
2021-06-30,34494.89,36600.0,34225.43,90788.79622,BTCUSDT,35911.73
2021-07-01,35911.72,36100.0,34017.55,77152.197634,BTCUSDT,35045.0
2021-07-02,35045.0,35057.57,32711.0,71708.266112,BTCUSDT,33504.69
2021-07-03,33502.33,33977.04,32699.0,56172.181378,BTCUSDT,33786.55
2021-07-04,33786.54,34945.61,33316.73,43044.578641,BTCUSDT,34669.13
2021-07-05,34669.12,35967.85,34357.15,43703.475789,BTCUSDT,35286.51
2021-07-06,35288.13,35293.78,33125.55,64123.874245,BTCUSDT,33690.14
2021-07-07,33690.15,35118.88,33532.0,58210.596349,BTCUSDT,34220.01
2021-07-08,34220.02,35059.09,33777.77,53807.521675,BTCUSDT,33862.12
2021-07-09,33862.11,33929.64,32077.0,70136.48032,BTCUSDT,32875.71
2021-07-10,32875.71,34100.0,32261.07,47153.939899,BTCUSDT,33815.81
2021-07-11,33815.81,34262.0,33004.78,34761.175468,BTCUSDT,33502.87
2021-07-12,33502.87,34666.0,33306.47,31572.647448,BTCUSDT,34258.99
2021-07-13,34259.0,34678.43,32658.34,48181.403762,BTCUSDT,33086.63
2021-07-14,33086.94,33340.0,32202.25,41126.361008,BTCUSDT,32729.77
2021-07-15,32729.12,33114.03,31550.0,46777.823484,BTCUSDT,32820.02
2021-07-16,32820.03,33185.25,31133.0,51639.576353,BTCUSDT,31880.0
2021-07-17,31874.49,32249.18,31020.0,48499.864154,BTCUSDT,31383.87
2021-07-18,31383.86,31955.92,31164.31,34012.242132,BTCUSDT,31520.07
2021-07-19,31520.07,32435.0,31108.97,35923.716186,BTCUSDT,31778.56
2021-07-20,31778.57,31899.0,30407.44,47340.468499,BTCUSDT,30839.65
2021-07-21,30839.65,31063.07,29278.0,61034.049017,BTCUSDT,29790.35
2021-07-22,29790.34,32858.0,29482.61,82796.265128,BTCUSDT,32144.51
2021-07-23,32144.51,32591.35,31708.0,46148.092433,BTCUSDT,32287.83
2021-07-24,32287.58,33650.0,31924.32,50112.863626,BTCUSDT,33634.09
2021-07-25,33634.1,34500.0,33401.14,47977.550138,BTCUSDT,34258.14
2021-07-26,34261.51,35398.0,33851.12,47852.928313,BTCUSDT,35381.02
2021-07-27,35381.02,40550.0,35205.78,152452.512724,BTCUSDT,37237.6
2021-07-28,37241.33,39542.61,36383.0,88397.267015,BTCUSDT,39457.87
2021-07-29,39456.61,40900.0,38772.0,101344.528441,BTCUSDT,40019.56
2021-07-30,40019.57,40640.0,39200.0,53998.439283,BTCUSDT,40016.48
2021-07-31,40018.49,42316.71,38313.23,73602.784805,BTCUSDT,42206.37
2021-08-01,42206.36,42448.0,41000.15,44849.791012,BTCUSDT,41461.83
2021-08-02,41461.84,42599.0,39422.01,53953.186326,BTCUSDT,39845.44
2021-08-03,39850.27,40480.01,38690.0,50837.351954,BTCUSDT,39147.82
2021-08-04,39146.86,39780.0,37642.03,57117.435853,BTCUSDT,38207.05
2021-08-05,38207.04,39969.66,37508.56,52329.35243,BTCUSDT,39723.18
2021-08-06,39723.17,41350.0,37332.7,84343.755621,BTCUSDT,40862.46
2021-08-07,40862.46,43392.43,39853.86,75753.941347,BTCUSDT,42836.87
2021-08-08,42836.87,44700.0,42446.41,73396.740808,BTCUSDT,44572.54
2021-08-09,44572.54,45310.0,43261.0,69329.092698,BTCUSDT,43794.37
2021-08-10,43794.36,46454.15,42779.0,74587.884845,BTCUSDT,46253.4
2021-08-11,46248.87,46700.0,44589.46,53814.643421,BTCUSDT,45584.99
2021-08-12,45585.0,46743.47,45341.14,52734.901977,BTCUSDT,45511.0
2021-08-13,45510.67,46218.12,43770.0,55266.108781,BTCUSDT,44399.0
2021-08-14,44400.06,47886.0,44217.39,48239.370431,BTCUSDT,47800.0
2021-08-15,47799.99,48144.0,45971.03,46114.359022,BTCUSDT,47068.51
2021-08-16,47068.5,47372.27,45500.0,42110.711334,BTCUSDT,46973.82
2021-08-17,46973.82,48053.83,45660.0,52480.574014,BTCUSDT,45901.29
2021-08-18,45901.3,47160.0,44376.0,57039.341629,BTCUSDT,44695.95
2021-08-19,44695.95,46000.0,44203.28,54099.415985,BTCUSDT,44705.29
2021-08-20,44699.37,47033.0,43927.7,53411.75392,BTCUSDT,46760.62
2021-08-21,46760.62,49382.99,46622.99,56850.352228,BTCUSDT,49322.47
2021-08-22,49322.47,49757.04,48222.0,46745.136584,BTCUSDT,48821.87
2021-08-23,48821.88,49500.0,48050.0,37007.887795,BTCUSDT,49239.22
2021-08-24,49239.22,50500.0,49029.0,52462.541954,BTCUSDT,49488.85
2021-08-25,49488.85,49860.0,47600.0,51014.594748,BTCUSDT,47674.01
2021-08-26,47674.01,49264.3,47126.28,44655.830342,BTCUSDT,48973.32
2021-08-27,48973.32,49352.84,46250.0,49371.277774,BTCUSDT,46843.87
2021-08-28,46843.86,49149.93,46348.0,42068.104965,BTCUSDT,49069.9
2021-08-29,49069.9,49299.0,48346.88,26681.063786,BTCUSDT,48895.35
2021-08-30,48895.35,49632.27,47762.54,32652.283473,BTCUSDT,48767.83
2021-08-31,48767.84,48888.61,46853.0,40288.35083,BTCUSDT,46982.91
2021-09-01,46982.91,48246.11,46700.0,48645.52737,BTCUSDT,47100.89
2021-09-02,47100.89,49156.0,46512.0,49904.65528,BTCUSDT,48810.52
2021-09-03,48810.51,50450.13,48584.06,54410.770538,BTCUSDT,49246.64
2021-09-04,49246.63,51000.0,48316.84,59025.644157,BTCUSDT,49999.14
2021-09-05,49998.0,50535.69,49370.0,34664.65959,BTCUSDT,49915.64
2021-09-06,49917.54,51900.0,49450.0,40544.835873,BTCUSDT,51756.88
2021-09-07,51756.88,52780.0,50969.33,49249.667081,BTCUSDT,52663.9
2021-09-08,52666.2,52920.0,42843.05,123048.802719,BTCUSDT,46863.73
2021-09-09,46868.57,47340.99,44412.02,65069.3152,BTCUSDT,46048.31
2021-09-10,46048.31,47399.97,45513.08,50651.66002,BTCUSDT,46395.14
2021-09-11,46395.14,47033.0,44132.29,49048.26618,BTCUSDT,44850.91
2021-09-12,44842.2,45987.93,44722.22,30440.4081,BTCUSDT,45173.69
2021-09-13,45173.68,46460.0,44742.06,32094.28052,BTCUSDT,46025.24
2021-09-14,46025.23,46880.0,43370.0,65429.15056,BTCUSDT,44940.73
2021-09-15,44940.72,47250.0,44594.44,44855.85099,BTCUSDT,47111.52
2021-09-16,47103.28,48500.0,46682.32,43204.71174,BTCUSDT,48121.41
2021-09-17,48121.4,48557.0,47021.1,40725.08895,BTCUSDT,47737.82
2021-09-18,47737.81,48150.0,46699.56,34461.92776,BTCUSDT,47299.98
2021-09-19,47299.98,48843.2,47035.56,30906.47038,BTCUSDT,48292.74
2021-09-20,48292.75,48372.83,46829.18,29847.24349,BTCUSDT,47241.75
2021-09-21,47241.75,47347.25,42500.0,78003.524443,BTCUSDT,43015.62
2021-09-22,43016.64,43639.0,39600.0,84534.080485,BTCUSDT,40734.38
2021-09-23,40734.09,44000.55,40565.39,58349.05542,BTCUSDT,43543.61
2021-09-24,43546.37,44978.0,43069.09,48699.57655,BTCUSDT,44865.26
2021-09-25,44865.26,45200.0,40675.0,84113.426292,BTCUSDT,42810.57
2021-09-26,42810.58,42966.84,41646.28,33594.57189,BTCUSDT,42670.64
2021-09-27,42670.63,43950.0,40750.0,49879.99765,BTCUSDT,43160.9
2021-09-28,43160.9,44350.0,42098.0,39776.84383,BTCUSDT,42147.35
2021-09-29,42147.35,42787.38,40888.0,43372.2624,BTCUSDT,41026.54
2021-09-30,41025.01,42590.0,40753.88,33511.53487,BTCUSDT,41524.28
2021-10-01,41524.29,44141.37,41410.17,46381.22781,BTCUSDT,43824.1
2021-10-02,43820.01,48495.0,43283.03,66244.87492,BTCUSDT,48141.61
2021-10-03,48141.6,48336.59,47430.18,30508.98131,BTCUSDT,47634.9
2021-10-04,47634.89,49228.08,47088.0,30825.05601,BTCUSDT,48200.01
2021-10-05,48200.01,49536.12,46891.0,46796.49372,BTCUSDT,49224.94
2021-10-06,49224.93,51886.3,49022.4,52125.66793,BTCUSDT,51471.99
2021-10-07,51471.99,55750.0,50382.41,79877.545181,BTCUSDT,55315.0
2021-10-08,55315.0,55332.31,53357.0,54917.37766,BTCUSDT,53785.22
2021-10-09,53785.22,56100.0,53617.61,46160.25785,BTCUSDT,53951.43
2021-10-10,53955.67,55489.0,53661.67,55177.08013,BTCUSDT,54949.72
2021-10-11,54949.72,56561.31,54080.0,89237.836128,BTCUSDT,54659.0
2021-10-12,54659.01,57839.04,54415.06,52933.165751,BTCUSDT,57471.35
2021-10-13,57471.35,57680.0,53879.0,53471.2855,BTCUSDT,55996.93
2021-10-14,55996.91,57777.0,54167.19,55808.44492,BTCUSDT,57367.0
2021-10-15,57370.83,58532.54,56818.05,43053.336781,BTCUSDT,57347.94
2021-10-16,57347.94,62933.0,56850.0,82512.908022,BTCUSDT,61672.42
2021-10-17,61672.42,62378.42,60150.0,35467.88096,BTCUSDT,60875.57
2021-10-18,60875.57,61718.39,58963.0,39099.24124,BTCUSDT,61528.33
2021-10-19,61528.32,62695.78,59844.45,51798.44844,BTCUSDT,62009.84
2021-10-20,62005.6,64486.0,61322.22,53628.107744,BTCUSDT,64280.59
2021-10-21,64280.59,67000.0,63481.4,51428.934856,BTCUSDT,66001.41
2021-10-22,66001.4,66639.74,62000.0,68538.64537,BTCUSDT,62193.15
2021-10-23,62193.15,63732.39,60000.0,52119.35886,BTCUSDT,60688.22
2021-10-24,60688.23,61747.64,59562.15,27626.93678,BTCUSDT,61286.75
2021-10-25,61286.75,61500.0,59510.63,31226.57676,BTCUSDT,60852.22
2021-10-26,60852.22,63710.63,60650.0,36853.83806,BTCUSDT,63078.78
2021-10-27,63078.78,63293.48,59817.55,40217.50083,BTCUSDT,60328.81
2021-10-28,60328.81,61496.0,58000.0,62124.49016,BTCUSDT,58413.44
2021-10-29,58413.44,62499.0,57820.0,61056.35301,BTCUSDT,60575.89
2021-10-30,60575.9,62980.0,60174.81,43973.90414,BTCUSDT,62253.71
2021-10-31,62253.7,62359.25,60673.0,31478.12566,BTCUSDT,61859.19
2021-11-01,61859.19,62405.3,59945.36,39267.63794,BTCUSDT,61299.8
2021-11-02,61299.81,62437.74,59405.0,44687.66672,BTCUSDT,60911.11
2021-11-03,60911.12,64270.0,60624.68,46368.2841,BTCUSDT,63219.99
2021-11-04,63220.57,63500.0,60382.76,43336.09049,BTCUSDT,62896.48
2021-11-05,62896.49,63086.31,60677.01,35930.93314,BTCUSDT,61395.01
2021-11-06,61395.01,62595.72,60721.0,31604.48749,BTCUSDT,60937.12
2021-11-07,60940.18,61560.49,60050.0,25590.57408,BTCUSDT,61470.61
2021-11-08,61470.62,63286.35,61322.78,25515.6883,BTCUSDT,63273.59
2021-11-09,63273.58,67789.0,63273.58,54442.094554,BTCUSDT,67525.83
2021-11-10,67525.82,68524.25,66222.4,44661.378068,BTCUSDT,66947.66
2021-11-11,66947.67,69000.0,62822.9,65171.504046,BTCUSDT,64882.43
2021-11-12,64882.42,65600.07,64100.0,37237.98058,BTCUSDT,64774.26
2021-11-13,64774.25,65450.7,62278.0,44490.10816,BTCUSDT,64122.23
2021-11-14,64122.22,65000.0,63360.22,22504.97383,BTCUSDT,64380.0
2021-11-15,64380.01,65550.51,63576.27,25705.07347,BTCUSDT,65519.1
2021-11-16,65519.11,66401.82,63400.0,37829.37124,BTCUSDT,63606.74
2021-11-17,63606.73,63617.31,58574.07,77455.15609,BTCUSDT,60058.87
2021-11-18,60058.87,60840.23,58373.0,46289.38491,BTCUSDT,60344.87
2021-11-19,60344.86,60976.0,56474.26,62146.99931,BTCUSDT,56891.62
2021-11-20,56891.62,58320.0,55600.0,50715.88726,BTCUSDT,58052.24
2021-11-21,58057.1,59845.0,57353.0,33811.5901,BTCUSDT,59707.51
2021-11-22,59707.52,60029.76,58486.65,31902.22785,BTCUSDT,58622.02
2021-11-23,58617.7,59444.0,55610.0,51724.32047,BTCUSDT,56247.18
2021-11-24,56243.83,58009.99,55317.0,49917.85017,BTCUSDT,57541.27
2021-11-25,57541.26,57735.0,55837.0,39612.04964,BTCUSDT,57138.29
2021-11-26,57138.29,59398.9,57000.0,42153.51522,BTCUSDT,58960.36
2021-11-27,58960.37,59150.0,53500.0,65927.87066,BTCUSDT,53726.53
2021-11-28,53723.72,55280.0,53610.0,29716.99957,BTCUSDT,54721.03
2021-11-29,54716.47,57445.05,53256.64,36163.7137,BTCUSDT,57274.88
2021-11-30,57274.89,58865.97,56666.67,40125.28009,BTCUSDT,57776.25
2021-12-01,57776.25,59176.99,55875.55,49161.05194,BTCUSDT,56950.56
2021-12-02,56950.56,59053.55,56458.01,44956.63656,BTCUSDT,57184.07
2021-12-03,57184.07,57375.47,55777.77,37574.05976,BTCUSDT,56480.34
2021-12-04,56484.26,57600.0,51680.0,58927.69027,BTCUSDT,53601.05
2021-12-05,53601.05,53859.1,42000.3,114203.373748,BTCUSDT,49152.47
2021-12-06,49152.46,49699.05,47727.21,45580.82012,BTCUSDT,49396.33
2021-12-07,49396.32,50891.11,47100.0,58571.21575,BTCUSDT,50441.92
2021-12-08,50441.91,51936.33,50039.74,38253.46877,BTCUSDT,50588.95
2021-12-09,50588.95,51200.0,48600.0,38425.92466,BTCUSDT,50471.19
2021-12-10,50471.19,50797.76,47320.0,37692.68665,BTCUSDT,47545.59
2021-12-11,47535.9,50125.0,46852.0,44233.57391,BTCUSDT,47140.54
2021-12-12,47140.54,49485.71,46751.0,28889.19358,BTCUSDT,49389.99
2021-12-13,49389.99,50777.0,48638.0,26017.93421,BTCUSDT,50053.9
2021-12-14,50053.9,50189.97,45672.75,50869.52093,BTCUSDT,46702.75
2021-12-15,46702.76,48700.41,46290.0,39955.98445,BTCUSDT,48343.28
2021-12-16,48336.95,49500.0,46547.0,51629.181,BTCUSDT,48864.98
2021-12-17,48864.98,49436.43,47511.0,31949.86739,BTCUSDT,47632.38
2021-12-18,47632.38,47995.96,45456.0,43104.4887,BTCUSDT,46131.2
2021-12-19,46133.83,47392.37,45500.0,25020.05271,BTCUSDT,46834.48
2021-12-20,46834.47,48300.01,46406.91,29305.70665,BTCUSDT,46681.23
2021-12-21,46681.24,47537.57,45558.85,35848.50609,BTCUSDT,46914.16
2021-12-22,46914.17,49328.96,46630.0,37713.92924,BTCUSDT,48889.88
2021-12-23,48887.59,49576.13,48421.87,27004.2022,BTCUSDT,48588.16
2021-12-24,48588.17,51375.0,47920.42,35192.54046,BTCUSDT,50838.81
2021-12-25,50838.82,51810.0,50384.43,31684.84269,BTCUSDT,50820.0
2021-12-26,50819.99,51156.23,50142.32,19135.51613,BTCUSDT,50399.66
2021-12-27,50399.67,51280.0,49412.0,22569.88914,BTCUSDT,50775.49
2021-12-28,50775.48,52088.0,50449.0,28792.21566,BTCUSDT,50701.44
2021-12-29,50701.44,50704.05,47313.01,45853.33924,BTCUSDT,47543.74
2021-12-30,47543.74,48139.08,46096.99,39498.87,BTCUSDT,46464.66
2021-12-31,46464.66,47900.0,45900.0,30352.29569,BTCUSDT,47120.87
2022-01-01,47120.88,48548.26,45678.0,34937.99796,BTCUSDT,46216.93
2022-01-02,46216.93,47954.63,46208.37,19604.46325,BTCUSDT,47722.65
2022-01-03,47722.66,47990.0,46654.0,18340.4604,BTCUSDT,47286.18
2022-01-04,47286.18,47570.0,45696.0,27662.0771,BTCUSDT,46446.1
2022-01-05,46446.1,47557.54,45500.0,35491.4136,BTCUSDT,45832.01
2022-01-06,45832.01,47070.0,42500.0,51784.11857,BTCUSDT,43451.13
2022-01-07,43451.14,43816.0,42430.58,38880.37305,BTCUSDT,43082.31
2022-01-08,43082.3,43145.83,40610.0,54836.50818,BTCUSDT,41566.48
2022-01-09,41566.48,42300.0,40501.0,32952.73111,BTCUSDT,41679.74
2022-01-10,41679.74,42786.7,41200.02,22724.39426,BTCUSDT,41864.62
2022-01-11,41864.62,42248.5,39650.0,50729.17019,BTCUSDT,41822.49
2022-01-12,41822.49,43100.0,41268.93,37296.43729,BTCUSDT,42729.29
2022-01-13,42729.29,44322.0,42450.0,33943.2928,BTCUSDT,43902.66
2022-01-14,43902.65,44500.0,42311.22,34910.87762,BTCUSDT,42560.11
2022-01-15,42558.35,43448.78,41725.95,32640.88292,BTCUSDT,43059.96
2022-01-16,43059.96,43800.0,42555.0,21936.05616,BTCUSDT,43084.29
2022-01-17,43084.29,43475.0,42581.79,20602.35271,BTCUSDT,43071.66
2022-01-18,43071.66,43176.18,41540.42,27562.08613,BTCUSDT,42201.62
2022-01-19,42201.63,42691.0,41250.0,29324.08257,BTCUSDT,42352.12
2022-01-20,42352.12,42559.13,41138.56,31685.72159,BTCUSDT,41660.01
2022-01-21,41660.0,43505.0,40553.31,42330.33953,BTCUSDT,40680.91
2022-01-22,40680.92,41100.0,35440.45,88860.891999,BTCUSDT,36445.31
2022-01-23,36445.31,36835.22,34008.0,90471.338961,BTCUSDT,35071.42
2022-01-24,35071.42,36499.0,34601.01,44279.52354,BTCUSDT,36244.55
2022-01-25,36244.55,37550.0,32917.17,91904.753211,BTCUSDT,36660.35
2022-01-26,36660.35,37545.14,35701.0,49232.40183,BTCUSDT,36958.32
2022-01-27,36958.32,38919.98,36234.63,69830.16036,BTCUSDT,36809.34
2022-01-28,36807.24,37234.47,35507.01,53020.87934,BTCUSDT,37160.1
2022-01-29,37160.11,38000.0,36155.01,42154.26956,BTCUSDT,37716.56
2022-01-30,37716.57,38720.74,37268.44,26129.49682,BTCUSDT,38166.84
2022-01-31,38166.83,38359.26,37351.63,21430.66527,BTCUSDT,37881.76
2022-02-01,37881.75,38744.0,36632.61,36855.2458,BTCUSDT,38466.9
2022-02-02,38466.9,39265.2,38000.0,34574.44663,BTCUSDT,38694.59
2022-02-03,38694.59,38855.92,36586.95,35794.6813,BTCUSDT,36896.36
2022-02-04,36896.37,37387.0,36250.0,32081.10999,BTCUSDT,37311.61
2022-02-05,37311.98,41772.33,37026.73,64703.95874,BTCUSDT,41574.25
2022-02-06,41571.7,41913.69,40843.01,32532.34372,BTCUSDT,41382.59
2022-02-07,41382.6,42656.0,41116.56,22405.16704,BTCUSDT,42380.87
2022-02-08,42380.87,44500.5,41645.85,51060.62006,BTCUSDT,43839.99
2022-02-09,43839.99,45492.0,42666.0,64880.29387,BTCUSDT,44042.99
2022-02-10,44043.0,44799.0,43117.92,34428.16729,BTCUSDT,44372.72
2022-02-11,44372.71,45821.0,43174.01,62357.29091,BTCUSDT,43495.44
2022-02-12,43495.44,43920.0,41938.51,44975.1687,BTCUSDT,42373.73
2022-02-13,42373.73,43079.49,41688.88,26556.85681,BTCUSDT,42217.87
2022-02-14,42217.87,42760.0,41870.0,17732.08113,BTCUSDT,42053.66
2022-02-15,42053.65,42842.4,41550.56,34010.1306,BTCUSDT,42535.94
2022-02-16,42535.94,44751.4,42427.03,38095.19576,BTCUSDT,44544.86
2022-02-17,44544.85,44549.97,43307.0,28471.8727,BTCUSDT,43873.56
2022-02-18,43873.56,44164.71,40073.21,47245.99494,BTCUSDT,40515.7
2022-02-19,40515.71,40959.88,39450.0,43845.92241,BTCUSDT,39974.44
2022-02-20,39974.45,40444.32,39639.03,18042.0551,BTCUSDT,40079.17
2022-02-21,40079.17,40125.44,38000.0,33439.29011,BTCUSDT,38386.89
2022-02-22,38386.89,39494.35,36800.0,62347.68496,BTCUSDT,37008.16
2022-02-23,37008.16,38429.0,36350.0,53785.94589,BTCUSDT,38230.33
2022-02-24,38230.33,39249.93,37036.79,43560.732,BTCUSDT,37250.01
2022-02-25,37250.02,39843.0,34322.28,120476.29458,BTCUSDT,38327.21
2022-02-26,38328.68,39683.53,38014.37,56574.57125,BTCUSDT,39219.17
2022-02-27,39219.16,40348.45,38573.18,29361.2568,BTCUSDT,39116.72
2022-02-28,39116.73,39855.7,37000.0,46229.44719,BTCUSDT,37699.07
2022-03-01,37699.08,44225.84,37450.17,73945.63858,BTCUSDT,43160.0
2022-03-02,43160.0,44949.0,42809.98,61743.09873,BTCUSDT,44421.2
2022-03-03,44421.2,45400.0,43334.09,57782.65081,BTCUSDT,43892.98
2022-03-04,43892.99,44101.12,41832.28,50940.61021,BTCUSDT,42454.0
2022-03-05,42454.0,42527.3,38550.0,61964.68498,BTCUSDT,39148.66
2022-03-06,39148.65,39613.24,38407.59,30363.13341,BTCUSDT,39397.96
2022-03-07,39397.97,39693.87,38088.57,39677.26158,BTCUSDT,38420.81
2022-03-08,38420.8,39547.57,37155.0,63994.11559,BTCUSDT,37988.0
2022-03-09,37988.01,39362.08,37867.65,55583.06638,BTCUSDT,38730.63
2022-03-10,38730.63,42594.06,38656.45,67392.58799,BTCUSDT,41941.71
2022-03-11,41941.7,42039.63,38539.73,71962.93154,BTCUSDT,39422.0
2022-03-12,39422.01,40236.26,38223.6,59018.7642,BTCUSDT,38729.57
2022-03-13,38729.57,39486.71,38660.52,24034.36432,BTCUSDT,38807.36
2022-03-14,38807.35,39310.0,37578.51,32791.82359,BTCUSDT,37777.34
2022-03-15,37777.35,39947.12,37555.0,46945.45375,BTCUSDT,39671.37
2022-03-16,39671.37,39887.61,38098.33,46015.54926,BTCUSDT,39280.33
2022-03-17,39280.33,41718.0,38828.48,88120.76167,BTCUSDT,41114.0
2022-03-18,41114.01,41478.82,40500.0,37189.38087,BTCUSDT,40917.9
2022-03-19,40917.89,42325.02,40135.04,45408.00969,BTCUSDT,41757.51
2022-03-20,41757.51,42400.0,41499.29,29067.18108,BTCUSDT,42201.13
2022-03-21,42201.13,42296.26,40911.0,30653.33468,BTCUSDT,41262.11
2022-03-22,41262.11,41544.22,40467.94,39426.24877,BTCUSDT,41002.25
2022-03-23,41002.26,43361.0,40875.51,59454.94294,BTCUSDT,42364.13
2022-03-24,42364.13,43025.96,41751.47,40828.87039,BTCUSDT,42882.76
2022-03-25,42882.76,44220.89,42560.46,56195.12374,BTCUSDT,43991.46
2022-03-26,43991.46,45094.14,43579.0,54614.43648,BTCUSDT,44313.16
2022-03-27,44313.16,44792.99,44071.97,23041.61741,BTCUSDT,44511.27
2022-03-28,44511.27,46999.0,44421.46,41874.91071,BTCUSDT,46827.76
2022-03-29,46827.76,48189.84,46663.56,58949.2614,BTCUSDT,47122.21
2022-03-30,47122.21,48096.47,46950.85,36772.28457,BTCUSDT,47434.8
2022-03-31,47434.79,47700.22,46445.42,40947.2085,BTCUSDT,47067.99
2022-04-01,47067.99,47600.0,45200.0,48645.12667,BTCUSDT,45510.34
2022-04-02,45510.35,46720.09,44200.0,56271.06474,BTCUSDT,46283.49
2022-04-03,46283.49,47213.0,45620.0,37073.53582,BTCUSDT,45811.0
2022-04-04,45810.99,47444.11,45530.92,33394.67794,BTCUSDT,46407.35
2022-04-05,46407.36,46890.71,45118.0,44641.87514,BTCUSDT,46580.51
2022-04-06,46580.5,47200.0,45353.81,42192.74852,BTCUSDT,45497.55
2022-04-07,45497.54,45507.14,43121.0,60849.32936,BTCUSDT,43170.47
2022-04-08,43170.47,43900.99,42727.35,37396.54156,BTCUSDT,43444.19
2022-04-09,43444.2,43970.62,42107.14,42375.04203,BTCUSDT,42252.01
2022-04-10,42252.02,42800.0,42125.48,17891.66047,BTCUSDT,42753.97
2022-04-11,42753.96,43410.3,41868.0,22771.09403,BTCUSDT,42158.85
2022-04-12,42158.85,42414.71,39200.0,63560.44721,BTCUSDT,39530.45
2022-04-13,39530.45,40699.0,39254.63,57751.01778,BTCUSDT,40074.94
2022-04-14,40074.95,41561.31,39588.54,41342.27254,BTCUSDT,41147.79
2022-04-15,41147.78,41500.0,39551.94,36807.01401,BTCUSDT,39942.38
2022-04-16,39942.37,40870.36,39766.4,24026.35739,BTCUSDT,40551.9
2022-04-17,40551.9,40709.35,39991.55,15805.44718,BTCUSDT,40378.71
2022-04-18,40378.7,40595.67,39546.17,19988.49259,BTCUSDT,39678.12
2022-04-19,39678.11,41116.73,38536.51,54243.49575,BTCUSDT,40801.13
2022-04-20,40801.13,41760.0,40571.0,35788.85843,BTCUSDT,41493.18
2022-04-21,41493.19,42199.0,40820.0,40877.35041,BTCUSDT,41358.19
2022-04-22,41358.19,42976.0,39751.0,59316.27657,BTCUSDT,40480.01
2022-04-23,40480.01,40795.06,39177.0,46664.0196,BTCUSDT,39709.18
2022-04-24,39709.19,39980.0,39285.0,20291.42375,BTCUSDT,39441.6
2022-04-25,39441.61,39940.0,38929.62,26703.61186,BTCUSDT,39450.13
2022-04-26,39450.12,40616.0,38200.0,63037.12784,BTCUSDT,40426.08
2022-04-27,40426.08,40797.31,37702.26,66650.258,BTCUSDT,38112.65
2022-04-28,38112.64,39474.72,37881.31,57083.12272,BTCUSDT,39235.72
2022-04-29,39235.72,40372.63,38881.43,56086.6715,BTCUSDT,39742.07
2022-04-30,39742.06,39925.25,38175.0,51453.65715,BTCUSDT,38596.11
2022-05-01,38596.11,38795.38,37578.2,35321.18989,BTCUSDT,37630.8
2022-05-02,37630.8,38675.0,37386.38,38812.24104,BTCUSDT,38468.35
2022-05-03,38468.35,39167.34,38052.0,53200.92628,BTCUSDT,38525.16
2022-05-04,38525.16,38651.51,37517.8,40316.45358,BTCUSDT,37728.95
2022-05-05,37728.95,40023.77,37670.0,62574.61736,BTCUSDT,39690.0
2022-05-06,39690.0,39845.51,35571.9,88722.43355,BTCUSDT,36552.97
2022-05-07,36552.97,36675.63,35258.0,68437.80187,BTCUSDT,36013.77
2022-05-08,36013.77,36146.3,34785.0,34281.70682,BTCUSDT,35472.39
2022-05-09,35472.4,35514.22,33713.95,72445.64344,BTCUSDT,34038.4
2022-05-10,34038.39,34243.15,30033.33,191876.926428,BTCUSDT,30076.31
2022-05-11,30074.23,32658.99,29730.4,165532.00311,BTCUSDT,31017.1
2022-05-12,31017.11,32162.59,27785.0,207063.739278,BTCUSDT,29103.94
2022-05-13,29103.94,30243.0,26700.0,204507.263138,BTCUSDT,29029.75
2022-05-14,29029.74,31083.37,28751.67,97872.36957,BTCUSDT,29287.05
2022-05-15,29287.05,30343.27,28630.0,51095.87863,BTCUSDT,30086.74
2022-05-16,30086.74,31460.0,29480.0,46275.66912,BTCUSDT,31328.89
2022-05-17,31328.89,31328.9,29087.04,73082.19658,BTCUSDT,29874.01
2022-05-18,29874.01,30788.37,29450.38,56724.13307,BTCUSDT,30444.93
2022-05-19,30444.93,30709.99,28654.47,59749.15799,BTCUSDT,28715.32
2022-05-20,28715.33,30545.18,28691.38,67877.36415,BTCUSDT,30319.23
2022-05-21,30319.22,30777.33,28730.0,60517.25325,BTCUSDT,29201.01
2022-05-22,29201.01,29656.18,28947.28,20987.13124,BTCUSDT,29445.06
2022-05-23,29445.07,30487.99,29255.11,36158.98748,BTCUSDT,30293.94
2022-05-24,30293.93,30670.51,28866.35,63901.49932,BTCUSDT,29109.15
2022-05-25,29109.14,29845.86,28669.0,59442.96036,BTCUSDT,29654.58
2022-05-26,29654.58,30223.74,29294.21,59537.38659,BTCUSDT,29542.15
2022-05-27,29542.14,29886.64,28019.56,94581.65463,BTCUSDT,29201.35
2022-05-28,29201.35,29397.66,28282.9,90998.5201,BTCUSDT,28629.8
2022-05-29,28629.81,29266.0,28450.0,34479.35127,BTCUSDT,29031.33
2022-05-30,29031.33,29587.78,28839.21,27567.34764,BTCUSDT,29468.1
2022-05-31,29468.1,32222.0,29299.62,96785.9476,BTCUSDT,31734.22
2022-06-01,31734.23,32399.0,31200.01,62433.11632,BTCUSDT,31801.04
2022-06-02,31801.05,31982.97,29301.0,103395.63382,BTCUSDT,29805.83
2022-06-03,29805.84,30689.0,29594.55,56961.42928,BTCUSDT,30452.62
2022-06-04,30452.63,30699.0,29282.36,54067.44727,BTCUSDT,29700.21
2022-06-05,29700.21,29988.88,29485.0,25617.90113,BTCUSDT,29864.04
2022-06-06,29864.03,30189.0,29531.42,23139.9281,BTCUSDT,29919.21
2022-06-07,29919.2,31765.64,29890.23,68836.92456,BTCUSDT,31373.1
2022-06-08,31373.1,31589.6,29218.96,110674.51658,BTCUSDT,31125.33
2022-06-09,31125.32,31327.22,29843.88,68542.61276,BTCUSDT,30204.77
2022-06-10,30204.77,30700.0,29944.1,46291.1865,BTCUSDT,30109.93
2022-06-11,30109.93,30382.8,28850.0,76204.2498,BTCUSDT,29091.88
2022-06-12,29091.87,29440.41,28099.99,65901.39895,BTCUSDT,28424.7
2022-06-13,28424.71,28544.96,26560.0,92474.598809,BTCUSDT,26574.53
2022-06-14,26574.53,26895.84,21925.77,254611.034966,BTCUSDT,22487.41
2022-06-15,22485.27,23362.88,20846.0,187201.64671,BTCUSDT,22136.41
2022-06-16,22136.42,22800.0,20111.62,200774.493467,BTCUSDT,22583.72
2022-06-17,22583.72,22995.73,20232.0,99673.59429,BTCUSDT,20401.31
2022-06-18,20400.6,21365.43,20246.66,86694.33663,BTCUSDT,20468.81
2022-06-19,20468.81,20792.06,17622.0,196441.655524,BTCUSDT,18970.79
2022-06-20,18970.79,20815.95,17960.41,128320.87595,BTCUSDT,20574.0
2022-06-21,20574.0,21090.0,19637.03,109028.94154,BTCUSDT,20573.89
2022-06-22,20573.9,21723.0,20348.4,104371.0749,BTCUSDT,20723.52
2022-06-23,20723.51,20900.0,19770.51,92133.97938,BTCUSDT,19987.99
2022-06-24,19988.0,21233.0,19890.07,83127.08716,BTCUSDT,21110.13
2022-06-25,21110.12,21558.41,20736.72,77430.36622,BTCUSDT,21237.69
2022-06-26,21237.68,21614.5,20906.62,51431.67794,BTCUSDT,21491.19
2022-06-27,21491.18,21888.0,20964.73,53278.10464,BTCUSDT,21038.07
2022-06-28,21038.08,21539.85,20510.0,64475.0013,BTCUSDT,20742.56
2022-06-29,20742.57,21212.1,20202.01,63801.0832,BTCUSDT,20281.29
2022-06-30,20281.28,20432.31,19854.92,77309.04379,BTCUSDT,20123.01
2022-07-01,20123.0,20179.08,18626.0,93846.64806,BTCUSDT,19942.21
2022-07-02,19942.21,20918.35,18975.0,111844.59494,BTCUSDT,19279.8
2022-07-03,19279.8,19467.39,18977.01,46180.3021,BTCUSDT,19252.81
2022-07-04,19252.82,19647.63,18781.0,51087.46631,BTCUSDT,19315.83
2022-07-05,19315.83,20354.01,19055.31,74814.04601,BTCUSDT,20236.71
2022-07-06,20236.71,20750.0,19304.4,96041.13756,BTCUSDT,20175.83
2022-07-07,20175.84,20675.22,19761.25,82439.5808,BTCUSDT,20564.51
2022-07-08,20564.51,21838.1,20251.68,85014.58261,BTCUSDT,21624.98
2022-07-09,21624.99,22527.37,21189.26,403081.57349,BTCUSDT,21594.75
2022-07-10,21594.75,21980.0,21322.12,178417.84468,BTCUSDT,21591.83
2022-07-11,21592.15,21607.65,20655.0,192188.21556,BTCUSDT,20862.47
2022-07-12,20861.11,20868.48,19875.23,137535.40724,BTCUSDT,19963.61
2022-07-13,19963.61,20059.42,19240.0,139506.45862,BTCUSDT,19328.75
2022-07-14,19331.28,20366.61,18910.94,209250.24888,BTCUSDT,20234.87
2022-07-15,20234.87,20900.0,19616.07,174809.21696,BTCUSDT,20588.84
2022-07-16,20588.84,21200.0,20382.29,143343.3049,BTCUSDT,20830.04
2022-07-17,20830.04,21588.94,20478.61,121011.67393,BTCUSDT,21195.6
2022-07-18,21195.6,21684.54,20750.01,118229.4525,BTCUSDT,20798.16
2022-07-19,20799.58,22777.63,20762.45,239942.73132,BTCUSDT,22432.58
2022-07-20,22432.58,23800.0,21579.54,263770.76574,BTCUSDT,23396.62
2022-07-21,23398.48,24276.74,22906.19,238762.17094,BTCUSDT,23223.3
2022-07-22,23223.3,23442.77,22341.46,184817.68191,BTCUSDT,23152.19
2022-07-23,23152.19,23756.49,22500.0,171598.43966,BTCUSDT,22684.83
2022-07-24,22684.83,23000.77,21934.57,122137.77375,BTCUSDT,22451.07
2022-07-25,22448.58,23014.64,22257.15,115189.67277,BTCUSDT,22579.68
2022-07-26,22577.13,22666.0,21250.0,180344.76643,BTCUSDT,21310.9
2022-07-27,21310.9,21347.82,20706.5,177817.24326,BTCUSDT,21254.67
2022-07-28,21254.67,23112.63,21042.53,210971.19796,BTCUSDT,22952.45
2022-07-29,22954.31,24199.72,22582.13,236029.0741,BTCUSDT,23842.93
2022-07-30,23845.25,24442.66,23414.03,198298.50623,BTCUSDT,23773.75
2022-07-31,23777.28,24668.0,23502.25,151060.13211,BTCUSDT,23643.51
2022-08-01,23644.64,24194.82,23227.31,127743.32483,BTCUSDT,23293.32
2022-08-02,23296.36,23509.68,22850.0,144210.16219,BTCUSDT,23268.01
2022-08-03,23266.9,23459.89,22654.37,158073.28225,BTCUSDT,22987.79
2022-08-04,22985.93,23647.68,22681.22,145948.80995,BTCUSDT,22818.37
2022-08-05,22816.91,23223.32,22400.0,154854.67016,BTCUSDT,22622.98
2022-08-06,22622.41,23472.86,22586.95,175251.69749,BTCUSDT,23312.42
2022-08-07,23313.56,23354.36,22909.52,83911.80307,BTCUSDT,22954.21
2022-08-08,22954.21,23402.0,22844.62,88890.00877,BTCUSDT,23174.39
2022-08-09,23174.39,24245.0,23154.25,170958.44152,BTCUSDT,23810.0
2022-08-10,23810.98,23933.25,22865.0,143182.50858,BTCUSDT,23149.95
2022-08-11,23151.32,24226.0,22664.69,208916.54953,BTCUSDT,23954.05
2022-08-12,23954.05,24918.54,23852.13,249759.79557,BTCUSDT,23934.39
2022-08-13,23933.09,24456.5,23583.0,174207.5704,BTCUSDT,24403.68
2022-08-14,24401.7,24888.0,24291.22,152852.25435,BTCUSDT,24441.38
2022-08-15,24443.06,25047.56,24144.0,151206.14473,BTCUSDT,24305.24
2022-08-16,24305.25,25211.32,23773.22,242539.54758,BTCUSDT,24094.82
2022-08-17,24093.04,24247.49,23671.22,179324.94821,BTCUSDT,23854.74
2022-08-18,23856.15,24446.71,23180.4,210668.68766,BTCUSDT,23342.66
2022-08-19,23342.66,23600.0,23111.04,144185.97011,BTCUSDT,23191.2
2022-08-20,23191.45,23208.67,20783.57,283995.87747,BTCUSDT,20834.39
2022-08-21,20834.39,21382.85,20761.9,183041.68363,BTCUSDT,21140.07
2022-08-22,21140.07,21800.0,21069.11,159200.6841,BTCUSDT,21515.61
2022-08-23,21516.7,21548.71,20890.18,222222.04526,BTCUSDT,21399.83
2022-08-24,21400.75,21684.87,20890.14,200967.77164,BTCUSDT,21529.12
2022-08-25,21529.11,21900.0,21145.0,174383.22046,BTCUSDT,21368.08
2022-08-26,21368.05,21819.88,21310.15,169915.78301,BTCUSDT,21559.04
2022-08-27,21559.04,21886.77,20107.9,273811.61955,BTCUSDT,20241.05
2022-08-28,20239.14,20402.93,19800.0,162582.46032,BTCUSDT,20037.6
2022-08-29,20037.6,20171.18,19520.0,139307.95976,BTCUSDT,19555.61
2022-08-30,19555.61,20433.62,19550.79,210509.49545,BTCUSDT,20285.73
2022-08-31,20287.2,20576.25,19540.0,256634.35529,BTCUSDT,19811.66
2022-09-01,19813.03,20490.0,19797.94,276946.60765,BTCUSDT,20050.02
2022-09-02,20048.44,20208.37,19565.66,245289.97263,BTCUSDT,20131.46
2022-09-03,20132.64,20441.26,19755.29,245986.6033,BTCUSDT,19951.86
2022-09-04,19950.98,20055.93,19652.72,146639.03204,BTCUSDT,19831.9
2022-09-05,19832.45,20029.23,19583.1,145588.77893,BTCUSDT,20000.3
2022-09-06,20000.3,20057.27,19633.83,222543.01057,BTCUSDT,19796.84
2022-09-07,19795.34,20180.0,18649.51,356315.05718,BTCUSDT,18790.61
2022-09-08,18790.61,19464.06,18510.77,287394.7788,BTCUSDT,19292.84
2022-09-09,19292.85,19458.25,19012.0,262813.28273,BTCUSDT,19319.77
2022-09-10,19320.54,21597.22,19291.75,428919.74652,BTCUSDT,21360.11
2022-09-11,21361.62,21810.8,21111.13,307997.33504,BTCUSDT,21648.34
2022-09-12,21647.21,21860.0,21350.0,280702.55149,BTCUSDT,21826.87
2022-09-13,21826.87,22488.0,21538.51,395395.61828,BTCUSDT,22395.74
2022-09-14,22395.44,22799.0,19860.0,431915.03333,BTCUSDT,20173.57
2022-09-15,20173.62,20541.48,19617.62,340826.40151,BTCUSDT,20226.71
2022-09-16,20227.17,20330.24,19497.0,333069.76076,BTCUSDT,19701.88
2022-09-17,19701.88,19890.0,19320.01,283791.07064,BTCUSDT,19803.3
2022-09-18,19803.3,20189.0,19748.08,179350.24338,BTCUSDT,20113.62
2022-09-19,20112.61,20117.26,19335.62,254217.46904,BTCUSDT,19416.18
2022-09-20,19417.45,19686.2,18232.56,380512.40306,BTCUSDT,19537.02
2022-09-21,19537.02,19634.62,18711.87,324098.3286,BTCUSDT,18875.0
2022-09-22,18874.31,19956.0,18125.98,385034.10021,BTCUSDT,18461.36
2022-09-23,18461.36,19550.17,18356.39,379321.72111,BTCUSDT,19401.63
2022-09-24,19401.63,19500.0,18531.42,385886.91829,BTCUSDT,19289.91
2022-09-25,19288.57,19316.14,18805.34,239496.56746,BTCUSDT,18920.5
2022-09-26,18921.99,19180.21,18629.2,191191.4492,BTCUSDT,18807.38
2022-09-27,18809.13,19318.96,18680.72,439239.21943,BTCUSDT,19227.82
2022-09-28,19226.68,20385.86,18816.32,593260.74161,BTCUSDT,19079.13
2022-09-29,19078.1,19790.0,18471.28,521385.45547,BTCUSDT,19412.82
2022-09-30,19412.82,19645.52,18843.01,406424.93256,BTCUSDT,19591.51
2022-10-01,19590.54,20185.0,19155.36,444322.9534,BTCUSDT,19422.61
2022-10-02,19422.61,19484.0,19159.42,165625.13959,BTCUSDT,19310.95
2022-10-03,19312.24,19395.91,18920.35,206812.47032,BTCUSDT,19056.8
2022-10-04,19057.74,19719.1,18959.68,293585.75212,BTCUSDT,19629.08
2022-10-05,19629.08,20475.0,19490.6,327012.00127,BTCUSDT,20337.82
2022-10-06,20337.82,20365.6,19730.0,312239.75224,BTCUSDT,20158.26
2022-10-07,20158.26,20456.6,19853.0,320122.1702,BTCUSDT,19960.67
2022-10-08,19960.67,20068.82,19320.0,220874.83913,BTCUSDT,19530.09
2022-10-09,19530.09,19627.38,19237.14,102480.09842,BTCUSDT,19417.96
2022-10-10,19416.52,19558.0,19316.04,113900.82681,BTCUSDT,19439.02
2022-10-11,19439.96,19525.0,19020.25,212509.09849,BTCUSDT,19131.87
2022-10-12,19131.87,19268.09,18860.0,243473.84286,BTCUSDT,19060.0
2022-10-13,19060.0,19238.31,18965.88,213826.26731,BTCUSDT,19155.53
2022-10-14,19155.1,19513.79,18190.0,399756.68337,BTCUSDT,19375.13
2022-10-15,19375.58,19951.87,19070.37,351634.32601,BTCUSDT,19176.93
2022-10-16,19176.93,19227.68,18975.18,113847.64232,BTCUSDT,19069.39
2022-10-17,19068.4,19425.84,19063.74,131894.61885,BTCUSDT,19262.98
2022-10-18,19262.98,19676.96,19152.03,222813.87634,BTCUSDT,19549.86
2022-10-19,19548.48,19706.66,19091.0,260313.07848,BTCUSDT,19327.44
2022-10-20,19327.44,19360.16,19065.97,186137.29538,BTCUSDT,19123.97
2022-10-21,19123.35,19347.82,18900.0,223530.13068,BTCUSDT,19041.92
2022-10-22,19041.92,19250.0,18650.0,269310.75769,BTCUSDT,19164.37
2022-10-23,19164.37,19257.0,19112.72,110403.90837,BTCUSDT,19204.35
2022-10-24,19204.29,19695.0,19070.11,167057.20184,BTCUSDT,19570.4
2022-10-25,19570.4,19601.15,19157.0,256168.14467,BTCUSDT,19329.72
2022-10-26,19330.6,20415.87,19237.0,326370.67061,BTCUSDT,20080.07
2022-10-27,20079.02,21020.0,20050.41,380492.69576,BTCUSDT,20771.59
2022-10-28,20771.61,20872.21,20200.0,328643.57791,BTCUSDT,20295.11
2022-10-29,20295.11,20750.0,20000.09,287039.94569,BTCUSDT,20591.84
2022-10-30,20591.84,21085.0,20554.01,254881.77755,BTCUSDT,20809.67
2022-10-31,20809.68,20931.21,20515.0,192795.60886,BTCUSDT,20627.48
2022-11-01,20627.48,20845.92,20237.95,303567.61628,BTCUSDT,20490.74
2022-11-02,20490.74,20700.0,20330.74,279932.43771,BTCUSDT,20483.62
2022-11-03,20482.81,20800.0,20048.04,373716.27299,BTCUSDT,20151.84
2022-11-04,20151.84,20393.32,20031.24,319185.1544,BTCUSDT,20207.82
2022-11-05,20207.12,21302.05,20180.96,453694.39165,BTCUSDT,21148.52
2022-11-06,21148.52,21480.65,21080.65,245621.98525,BTCUSDT,21299.37
2022-11-07,21299.37,21365.27,20886.13,230036.97217,BTCUSDT,20905.58
2022-11-08,20905.58,21069.77,20384.89,386977.60337,BTCUSDT,20591.13
2022-11-09,20590.67,20700.88,17166.83,760705.362783,BTCUSDT,18547.23
2022-11-10,18545.38,18587.76,15588.0,731926.929729,BTCUSDT,15922.81
2022-11-11,15922.68,18199.0,15754.26,608448.36432,BTCUSDT,17601.15
2022-11-12,17602.45,17695.0,16361.6,393552.86492,BTCUSDT,17070.31
2022-11-13,17069.98,17119.1,16631.39,167819.96035,BTCUSDT,16812.08
2022-11-14,16813.16,16954.28,16229.0,184960.78846,BTCUSDT,16329.85
2022-11-15,16331.78,17190.0,15815.21,380210.7775,BTCUSDT,16619.46
2022-11-16,16617.72,17134.69,16527.72,282461.84391,BTCUSDT,16900.57
2022-11-17,16900.57,17015.92,16378.61,261493.40809,BTCUSDT,16662.76
2022-11-18,16661.61,16751.0,16410.74,228038.97873,BTCUSDT,16692.56
2022-11-19,16692.56,17011.0,16546.04,214224.18184,BTCUSDT,16700.45
2022-11-20,16699.43,16822.41,16553.53,104963.15558,BTCUSDT,16700.68
2022-11-21,16700.68,16753.33,16180.0,154842.13478,BTCUSDT,16280.23
2022-11-22,16279.5,16319.0,15476.0,324096.997753,BTCUSDT,15781.29
2022-11-23,15781.29,16315.0,15616.63,239548.06623,BTCUSDT,16226.94
2022-11-24,16227.96,16706.0,16160.2,264927.70408,BTCUSDT,16603.11
2022-11-25,16603.11,16812.63,16458.05,206565.92346,BTCUSDT,16598.95
2022-11-26,16599.55,16666.0,16342.81,182089.49533,BTCUSDT,16522.14
2022-11-27,16521.35,16701.99,16385.0,181804.81666,BTCUSDT,16458.57
2022-11-28,16457.61,16600.0,16401.0,162025.47607,BTCUSDT,16428.78
2022-11-29,16428.77,16487.04,15995.27,252695.40367,BTCUSDT,16212.91
2022-11-30,16212.18,16548.71,16100.0,248106.25009,BTCUSDT,16442.53
2022-12-01,16442.91,17249.0,16428.3,303019.80719,BTCUSDT,17163.64
2022-12-02,17165.53,17324.0,16855.01,232818.18218,BTCUSDT,16977.37
2022-12-03,16978.0,17105.73,16787.85,202372.2062,BTCUSDT,17092.74
2022-12-04,17092.13,17188.98,16858.74,154542.57306,BTCUSDT,16885.2
2022-12-05,16885.2,17202.84,16878.25,178619.13387,BTCUSDT,17105.7
2022-12-06,17106.65,17424.25,16867.0,233703.29225,BTCUSDT,16966.35
2022-12-07,16966.35,17107.01,16906.37,218730.76883,BTCUSDT,17088.96
2022-12-08,17088.96,17142.21,16678.83,220657.41334,BTCUSDT,16836.64
2022-12-09,16836.64,17299.0,16733.49,236417.97804,BTCUSDT,17224.1
2022-12-10,17224.1,17360.0,17058.21,238422.06465,BTCUSDT,17128.56
2022-12-11,17128.56,17227.72,17092.0,140573.97937,BTCUSDT,17127.49
2022-12-12,17127.49,17270.99,17071.0,155286.47871,BTCUSDT,17085.05
2022-12-13,17085.05,17241.89,16871.85,226227.49694,BTCUSDT,17209.83
2022-12-14,17208.93,18000.0,17080.14,284462.9139,BTCUSDT,17774.7
2022-12-15,17775.82,18387.95,17660.94,266681.22209,BTCUSDT,17803.15
2022-12-16,17804.01,17854.82,17275.51,223701.96882,BTCUSDT,17356.34
2022-12-17,17356.96,17531.73,16527.32,253379.04116,BTCUSDT,16632.12
2022-12-18,16631.5,16796.82,16579.85,144825.66684,BTCUSDT,16776.52
2022-12-19,16777.54,16863.26,16663.07,112619.31646,BTCUSDT,16738.21
2022-12-20,16739.0,16815.99,16256.3,179094.28305,BTCUSDT,16438.88
2022-12-21,16438.88,17061.27,16397.2,248808.92324,BTCUSDT,16895.56
2022-12-22,16896.15,16925.0,16723.0,156810.96362,BTCUSDT,16824.67
2022-12-23,16824.68,16868.52,16559.85,176044.27235,BTCUSDT,16821.43
2022-12-24,16821.9,16955.14,16731.13,161612.00947,BTCUSDT,16778.5
2022-12-25,16778.52,16869.99,16776.62,100224.29096,BTCUSDT,16836.12
2022-12-26,16835.73,16857.96,16721.0,125441.07202,BTCUSDT,16832.11
2022-12-27,16832.11,16944.52,16791.0,124564.00656,BTCUSDT,16919.39
2022-12-28,16919.39,16972.83,16592.37,173749.58616,BTCUSDT,16706.36
2022-12-29,16706.06,16785.19,16465.33,193037.56577,BTCUSDT,16547.31
2022-12-30,16547.32,16664.41,16488.91,160998.47158,BTCUSDT,16633.47
2022-12-31,16633.47,16677.35,16333.0,164916.31174,BTCUSDT,16607.48
2023-01-01,16607.48,16644.09,16470.0,114490.42864,BTCUSDT,16542.4
2023-01-02,16541.77,16628.0,16499.01,96925.41374,BTCUSDT,16616.75
2023-01-03,16617.17,16799.23,16548.7,121888.57191,BTCUSDT,16672.87
2023-01-04,16672.78,16778.4,16605.28,159541.53733,BTCUSDT,16675.18
2023-01-05,16675.65,16991.87,16652.66,220362.18862,BTCUSDT,16850.36
2023-01-06,16850.36,16879.82,16753.0,163473.56641,BTCUSDT,16831.85
2023-01-07,16831.85,17041.0,16679.0,207401.28415,BTCUSDT,16950.65
2023-01-08,16950.31,16981.91,16908.0,104526.5688,BTCUSDT,16943.57
2023-01-09,16943.83,17176.99,16911.0,135155.89695,BTCUSDT,17127.83
2023-01-10,17127.83,17398.8,17104.66,266211.52723,BTCUSDT,17178.26
2023-01-11,17179.04,17499.0,17146.34,221382.42581,BTCUSDT,17440.66
2023-01-12,17440.64,18000.0,17315.6,262221.60653,BTCUSDT,17943.26
2023-01-13,17943.26,19117.04,17892.05,454568.32178,BTCUSDT,18846.62
2023-01-14,18846.62,20000.0,18714.12,368615.87823,BTCUSDT,19930.01
2023-01-15,19930.01,21258.0,19888.05,393913.74951,BTCUSDT,20954.92
2023-01-16,20952.76,21050.74,20551.01,178542.22549,BTCUSDT,20871.5
2023-01-17,20872.99,21474.05,20611.48,293078.08262,BTCUSDT,21185.65
2023-01-18,21185.65,21647.45,20841.31,275407.74409,BTCUSDT,21134.81
2023-01-19,21132.29,21650.0,20407.15,350916.01949,BTCUSDT,20677.47
2023-01-20,20677.47,21192.0,20659.19,251385.84925,BTCUSDT,21071.59
2023-01-21,21071.59,22755.93,20861.28,338079.13659,BTCUSDT,22667.21
2023-01-22,22666.0,23371.8,22422.0,346445.48432,BTCUSDT,22783.55
2023-01-23,22783.35,23078.71,22292.37,253577.75286,BTCUSDT,22707.88
2023-01-24,22706.02,23180.0,22500.0,293588.37938,BTCUSDT,22916.45
2023-01-25,22917.81,23162.2,22462.93,293158.78254,BTCUSDT,22632.89
2023-01-26,22631.94,23816.73,22300.0,346042.83223,BTCUSDT,23060.94
2023-01-27,23060.42,23282.47,22850.01,288924.43581,BTCUSDT,23009.65
2023-01-28,23009.65,23500.0,22534.88,280833.86315,BTCUSDT,23074.16
2023-01-29,23074.16,23189.0,22878.46,148115.71085,BTCUSDT,23022.6
2023-01-30,23021.4,23960.54,22967.76,295688.79204,BTCUSDT,23742.3
2023-01-31,23743.37,23800.51,22500.0,302405.90121,BTCUSDT,22826.15
2023-02-01,22827.38,23320.0,22714.77,264649.34909,BTCUSDT,23125.13
2023-02-02,23125.13,23812.66,22760.23,310790.42271,BTCUSDT,23732.66
2023-02-03,23731.41,24255.0,23363.27,364177.20751,BTCUSDT,23488.94
2023-02-04,23489.33,23715.7,23204.62,332571.02904,BTCUSDT,23431.9
2023-02-05,23431.9,23587.78,23253.96,166126.47295,BTCUSDT,23326.84
2023-02-06,23327.66,23433.33,22743.0,209251.33917,BTCUSDT,22932.91
2023-02-07,22932.91,23158.25,22628.13,265371.6069,BTCUSDT,22762.52
2023-02-08,22762.52,23350.25,22745.78,308006.72482,BTCUSDT,23240.46
2023-02-09,23242.42,23452.0,22665.85,280056.30717,BTCUSDT,22963.0
2023-02-10,22961.85,23011.39,21688.0,402894.6955,BTCUSDT,21796.35
2023-02-11,21797.83,21938.16,21451.0,338591.94247,BTCUSDT,21625.19
2023-02-12,21625.19,21906.32,21599.78,177021.58433,BTCUSDT,21862.55
2023-02-13,21862.02,22090.0,21630.0,204435.65163,BTCUSDT,21783.54
2023-02-14,21782.37,21894.99,21351.07,295730.76791,BTCUSDT,21773.97
2023-02-15,21774.63,22319.08,21532.77,361958.40109,BTCUSDT,22199.84
2023-02-16,22199.84,24380.0,22047.28,375669.16111,BTCUSDT,24324.05
2023-02-17,24322.87,25250.0,23505.25,450080.68366,BTCUSDT,23517.72
2023-02-18,23517.72,25021.11,23339.37,496813.21376,BTCUSDT,24569.97
2023-02-19,24568.24,24877.0,24430.0,216917.25213,BTCUSDT,24631.95
2023-02-20,24632.05,25192.0,24192.57,300395.99542,BTCUSDT,24271.76
2023-02-21,24272.51,25121.23,23840.83,346938.56997,BTCUSDT,24842.2
2023-02-22,24843.89,25250.0,24148.34,376000.82868,BTCUSDT,24452.16
2023-02-23,24450.67,24476.05,23574.69,379425.75365,BTCUSDT,24182.21
2023-02-24,24182.21,24599.59,23608.0,398400.45437,BTCUSDT,23940.2
2023-02-25,23940.2,24132.35,22841.19,343582.57453,BTCUSDT,23185.29
2023-02-26,23184.04,23219.13,22722.0,191311.8101,BTCUSDT,23157.07
2023-02-27,23157.07,23689.99,23059.18,202323.73623,BTCUSDT,23554.85
2023-02-28,23554.85,23897.99,23106.77,283706.0859,BTCUSDT,23492.09
2023-03-01,23492.09,23600.0,23020.97,264140.99894,BTCUSDT,23141.57
2023-03-02,23141.57,24000.0,23020.03,315287.41737,BTCUSDT,23628.97
2023-03-03,23629.76,23796.93,23195.9,239315.45219,BTCUSDT,23465.32
2023-03-04,23465.32,23476.95,21971.13,319954.19785,BTCUSDT,22354.34
2023-03-05,22354.34,22410.0,22157.08,121257.38132,BTCUSDT,22346.57
2023-03-06,22346.57,22662.09,22189.22,154841.75786,BTCUSDT,22430.24
2023-03-07,22430.24,22602.19,22258.0,203751.82957,BTCUSDT,22410.0
2023-03-08,22409.41,22557.91,21927.0,292519.80912,BTCUSDT,22197.96
2023-03-09,22198.56,22287.0,21580.0,301460.57272,BTCUSDT,21705.44
2023-03-10,21704.37,21834.99,20042.72,443658.28584,BTCUSDT,20362.22
2023-03-11,20362.21,20367.78,19549.09,618456.4671,BTCUSDT,20150.69
2023-03-12,20150.69,20686.51,19765.03,427831.82133,BTCUSDT,20455.73
2023-03-13,20455.73,22150.0,20270.6,430944.94288,BTCUSDT,21997.11
2023-03-14,21998.05,24500.0,21813.88,687889.31259,BTCUSDT,24113.48
2023-03-15,24112.27,26386.87,23976.42,699360.93423,BTCUSDT,24670.41
2023-03-16,24670.41,25196.97,23896.95,581450.72984,BTCUSDT,24285.66
2023-03-17,24285.66,25167.4,24123.0,439421.32998,BTCUSDT,24998.78
2023-03-18,24998.78,27756.84,24890.0,624460.68091,BTCUSDT,27395.13
2023-03-19,27395.13,27724.85,26578.0,371238.97174,BTCUSDT,26907.49
2023-03-20,26907.49,28390.1,26827.22,372066.99054,BTCUSDT,27972.87
2023-03-21,27972.87,28472.0,27124.47,477378.23373,BTCUSDT,27717.01
2023-03-22,27717.01,28438.55,27303.1,420929.7422,BTCUSDT,28105.47
2023-03-23,28107.81,28868.05,26601.8,224113.41296,BTCUSDT,27250.97
2023-03-24,27250.97,28750.0,27105.0,128649.60818,BTCUSDT,28295.41
2023-03-25,28295.42,28374.3,27000.0,86242.06544,BTCUSDT,27454.47
2023-03-26,27454.46,27787.33,27156.09,50844.08102,BTCUSDT,27462.95
2023-03-27,27462.96,28194.4,27417.76,49671.70353,BTCUSDT,27968.05
2023-03-28,27968.05,28023.86,26508.14,88039.46898,BTCUSDT,27124.91
2023-03-29,27124.9,27520.0,26631.78,78602.44341,BTCUSDT,27261.07
2023-03-30,27261.06,28650.0,27240.1,89486.16008,BTCUSDT,28348.6
2023-03-31,28348.6,29184.68,27686.0,98865.43256,BTCUSDT,28028.53
2023-04-01,28028.53,28656.69,27511.71,78198.12139,BTCUSDT,28465.36
2023-04-02,28465.36,28819.71,28220.27,30238.44753,BTCUSDT,28452.73
